http://ezcheck.vn/02831147856388,0001
http://ezcheck.vn/02851153144293,0002
http://ezcheck.vn/02851901603995,0003
http://ezcheck.vn/02831211594348,0004
http://ezcheck.vn/02821611182447,0005
http://ezcheck.vn/02891755899040,0006
http://ezcheck.vn/02891431651308,0007
http://ezcheck.vn/02851628025089,0008
http://ezcheck.vn/02851491440095,0009
http://ezcheck.vn/02871705188966,0010
http://ezcheck.vn/02881134910513,0011
http://ezcheck.vn/02871095447948,0012
http://ezcheck.vn/02801118159984,0013
http://ezcheck.vn/02851081160068,0014
http://ezcheck.vn/02851753038393,0015
http://ezcheck.vn/02881632862197,0016
http://ezcheck.vn/02891812653461,0017
http://ezcheck.vn/02851900265687,0018
http://ezcheck.vn/02821851528865,0019
http://ezcheck.vn/02861561746687,0020
http://ezcheck.vn/02821098290831,0021
http://ezcheck.vn/02891943210388,0022
http://ezcheck.vn/02891515119777,0023
http://ezcheck.vn/02831952157238,0024
http://ezcheck.vn/02801193978634,0025
http://ezcheck.vn/02881385335412,0026
http://ezcheck.vn/02851770481214,0027
http://ezcheck.vn/02801662956562,0028
http://ezcheck.vn/02881339358981,0029
http://ezcheck.vn/02821060588957,0030
http://ezcheck.vn/02821004165353,0031
http://ezcheck.vn/02811151407064,0032
http://ezcheck.vn/02841604684946,0033
http://ezcheck.vn/02851159095097,0034
http://ezcheck.vn/02831263217900,0035
http://ezcheck.vn/02891911802217,0036
http://ezcheck.vn/02811331529473,0037
http://ezcheck.vn/02811237940113,0038
http://ezcheck.vn/02891535161195,0039
http://ezcheck.vn/02831640787621,0040
http://ezcheck.vn/02821157253787,0041
http://ezcheck.vn/02841462428984,0042
http://ezcheck.vn/02851365192028,0043
http://ezcheck.vn/02821915496707,0044
http://ezcheck.vn/02841818141342,0045
http://ezcheck.vn/02821439922612,0046
http://ezcheck.vn/02881395350430,0047
http://ezcheck.vn/02821173692845,0048
http://ezcheck.vn/02891025429831,0049
http://ezcheck.vn/02831219483713,0050
http://ezcheck.vn/02831026828098,0051
http://ezcheck.vn/02861758896362,0052
http://ezcheck.vn/02841582304348,0053
http://ezcheck.vn/02841300915140,0054
http://ezcheck.vn/02831706442070,0055
http://ezcheck.vn/02891699538237,0056
http://ezcheck.vn/02811479373220,0057
http://ezcheck.vn/02881663960169,0058
http://ezcheck.vn/02871058364318,0059
http://ezcheck.vn/02831627993960,0060
http://ezcheck.vn/02811996832069,0061
http://ezcheck.vn/02891688872238,0062
http://ezcheck.vn/02881388984273,0063
http://ezcheck.vn/02851874359165,0064
http://ezcheck.vn/02871632385687,0065
http://ezcheck.vn/02801067386603,0066
http://ezcheck.vn/02831063449700,0067
http://ezcheck.vn/02881643292669,0068
http://ezcheck.vn/02851276317845,0069
http://ezcheck.vn/02881867603392,0070
http://ezcheck.vn/02891935626177,0071
http://ezcheck.vn/02871551499515,0072
http://ezcheck.vn/02881600935817,0073
http://ezcheck.vn/02821945247261,0074
http://ezcheck.vn/02811004822216,0075
http://ezcheck.vn/02841825472718,0076
http://ezcheck.vn/02851945132773,0077
http://ezcheck.vn/02891428960092,0078
http://ezcheck.vn/02861608533971,0079
http://ezcheck.vn/02811390592892,0080
http://ezcheck.vn/02891306459058,0081
http://ezcheck.vn/02841046678699,0082
http://ezcheck.vn/02811403431326,0083
http://ezcheck.vn/02831428136805,0084
http://ezcheck.vn/02851511818186,0085
http://ezcheck.vn/02891272430661,0086
http://ezcheck.vn/02871041566279,0087
http://ezcheck.vn/02881884026268,0088
http://ezcheck.vn/02871740638861,0089
http://ezcheck.vn/02821639843285,0090
http://ezcheck.vn/02811069865402,0091
http://ezcheck.vn/02851227996399,0092
http://ezcheck.vn/02851874559601,0093
http://ezcheck.vn/02841719524669,0094
http://ezcheck.vn/02881234247859,0095
http://ezcheck.vn/02861705173129,0096
http://ezcheck.vn/02891527807593,0097
http://ezcheck.vn/02871366601310,0098
http://ezcheck.vn/02861961506450,0099
http://ezcheck.vn/02821949561667,0100
http://ezcheck.vn/02881300169853,0101
http://ezcheck.vn/02821782613419,0102
http://ezcheck.vn/02851041274686,0103
http://ezcheck.vn/02861228531780,0104
http://ezcheck.vn/02821900402175,0105
http://ezcheck.vn/02851992731303,0106
http://ezcheck.vn/02841368284433,0107
http://ezcheck.vn/02891501416462,0108
http://ezcheck.vn/02801458865048,0109
http://ezcheck.vn/02821626597879,0110
http://ezcheck.vn/02821767813178,0111
http://ezcheck.vn/02871799321935,0112
http://ezcheck.vn/02851358731743,0113
http://ezcheck.vn/02871140357189,0114
http://ezcheck.vn/02801787962821,0115
http://ezcheck.vn/02891586205003,0116
http://ezcheck.vn/02881380406608,0117
http://ezcheck.vn/02841612514984,0118
http://ezcheck.vn/02851308549734,0119
http://ezcheck.vn/02891823307633,0120
http://ezcheck.vn/02821648116504,0121
http://ezcheck.vn/02841592312902,0122
http://ezcheck.vn/02861564199993,0123
http://ezcheck.vn/02871361386115,0124
http://ezcheck.vn/02891534704432,0125
http://ezcheck.vn/02801715814669,0126
http://ezcheck.vn/02801820393700,0127
http://ezcheck.vn/02891249361291,0128
http://ezcheck.vn/02861156184419,0129
http://ezcheck.vn/02821068742422,0130
http://ezcheck.vn/02871843294586,0131
http://ezcheck.vn/02811798476212,0132
http://ezcheck.vn/02831164665718,0133
http://ezcheck.vn/02841771299167,0134
http://ezcheck.vn/02871303870959,0135
http://ezcheck.vn/02801763273461,0136
http://ezcheck.vn/02841527838125,0137
http://ezcheck.vn/02801244189015,0138
http://ezcheck.vn/02811096018005,0139
http://ezcheck.vn/02881797548401,0140
http://ezcheck.vn/02861800751988,0141
http://ezcheck.vn/02841558569742,0142
http://ezcheck.vn/02841290751877,0143
http://ezcheck.vn/02811430084465,0144
http://ezcheck.vn/02831509947131,0145
http://ezcheck.vn/02891011223853,0146
http://ezcheck.vn/02871905863357,0147
http://ezcheck.vn/02891264328278,0148
http://ezcheck.vn/02801032511635,0149
http://ezcheck.vn/02851710608550,0150
http://ezcheck.vn/02871704394149,0151
http://ezcheck.vn/02841180093695,0152
http://ezcheck.vn/02821454913508,0153
http://ezcheck.vn/02851816743854,0154
http://ezcheck.vn/02811510382892,0155
http://ezcheck.vn/02891116967476,0156
http://ezcheck.vn/02861998147426,0157
http://ezcheck.vn/02881975834230,0158
http://ezcheck.vn/02841127162552,0159
http://ezcheck.vn/02801872296999,0160
http://ezcheck.vn/02801107846530,0161
http://ezcheck.vn/02891954876423,0162
http://ezcheck.vn/02831996514461,0163
http://ezcheck.vn/02831363091400,0164
http://ezcheck.vn/02831256614434,0165
http://ezcheck.vn/02881325527285,0166
http://ezcheck.vn/02801160218937,0167
http://ezcheck.vn/02891700205509,0168
http://ezcheck.vn/02881370741417,0169
http://ezcheck.vn/02881116484711,0170
http://ezcheck.vn/02841001195376,0171
http://ezcheck.vn/02891025348077,0172
http://ezcheck.vn/02821256452988,0173
http://ezcheck.vn/02891783022815,0174
http://ezcheck.vn/02801158672548,0175
http://ezcheck.vn/02831530926812,0176
http://ezcheck.vn/02891725398486,0177
http://ezcheck.vn/02811212612354,0178
http://ezcheck.vn/02891254352087,0179
http://ezcheck.vn/02821796431360,0180
